100,Sharai,Ietta,Sharai.Ietta@yopmail.com
101,Kaja,Ambrosia,Kaja.Ambrosia@yopmail.com
102,Sam,Tatianas,Sam.Tatianas@yopmail.com
103,Katuscha,Norvol,Katuscha.Norvol@yopmail.com
104,Dari,Sherfield,Dari.Sherfield@yopmail.com
105,Carmencita,Germann,Carmencita.Germann@yopmail.com
106,Liana,Ehrman,Liana.Ehrman@yopmail.com
107,Konstance,Roxanna,Konstance.Roxanna@yopmail.com
108,Bee,Old,Bee.Old@yopmail.com
109,Donnie,Kolnick,Donnie.Kolnick@yopmail.com
110,Ana,Ilka,Ana.Ilka@yopmail.com
111,Ardys,Berne,Ardys.Berne@yopmail.com
112,Amii,Rooney,Amii.Rooney@yopmail.com
113,Gabi,Jary,Gabi.Jary@yopmail.com
114,Pamella,Saree,Pamella.Saree@yopmail.com
115,Phylis,Cosenza,Phylis.Cosenza@yopmail.com
116,Luci,Timon,Luci.Timon@yopmail.com
117,Nollie,Tippets,Nollie.Tippets@yopmail.com
118,Dione,Halsey,Dione.Halsey@yopmail.com
119,Valli,Vins,Valli.Vins@yopmail.com
120,Charissa,Durware,Charissa.Durware@yopmail.com
121,Karlee,Atonsah,Karlee.Atonsah@yopmail.com
122,Gwenneth,Kendrick,Gwenneth.Kendrick@yopmail.com
123,Raquela,Fillbert,Raquela.Fillbert@yopmail.com
124,Barbi,Auberbach,Barbi.Auberbach@yopmail.com
125,Leeanne,Ludewig,Leeanne.Ludewig@yopmail.com
126,Robbi,Hull,Robbi.Hull@yopmail.com
127,Tierney,Eckblad,Tierney.Eckblad@yopmail.com
128,Thalia,Reidar,Thalia.Reidar@yopmail.com
129,Marjie,Riordan,Marjie.Riordan@yopmail.com
130,Zia,Tristram,Zia.Tristram@yopmail.com
131,Trixi,Jerold,Trixi.Jerold@yopmail.com
132,Pamella,Poppy,Pamella.Poppy@yopmail.com
133,Caryl,Bouchard,Caryl.Bouchard@yopmail.com
134,Antonietta,Kat,Antonietta.Kat@yopmail.com
135,Emilia,Maxi,Emilia.Maxi@yopmail.com
136,Nadine,Idelia,Nadine.Idelia@yopmail.com
137,Lexine,Stav,Lexine.Stav@yopmail.com
138,Fawne,Kauppi,Fawne.Kauppi@yopmail.com
139,Gwenneth,Gale,Gwenneth.Gale@yopmail.com
140,Camile,Kiyoshi,Camile.Kiyoshi@yopmail.com
141,Jessy,Lasley,Jessy.Lasley@yopmail.com
142,Catharine,Jethro,Catharine.Jethro@yopmail.com
143,Darlleen,Sacken,Darlleen.Sacken@yopmail.com
144,Abbie,Silvan,Abbie.Silvan@yopmail.com
145,Carmencita,Sundin,Carmencita.Sundin@yopmail.com
146,Alexine,Milson,Alexine.Milson@yopmail.com
147,Corly,Franza,Corly.Franza@yopmail.com
148,Tobe,Malina,Tobe.Malina@yopmail.com
149,Jasmina,Sibyls,Jasmina.Sibyls@yopmail.com
150,Shandie,Pelagias,Shandie.Pelagias@yopmail.com
151,Marcelline,Naor,Marcelline.Naor@yopmail.com
152,Lusa,Carmena,Lusa.Carmena@yopmail.com
153,Ayn,Ingra,Ayn.Ingra@yopmail.com
154,Romona,Parsaye,Romona.Parsaye@yopmail.com
155,Alleen,Nedrud,Alleen.Nedrud@yopmail.com
156,Raquela,Wildermuth,Raquela.Wildermuth@yopmail.com
157,Brietta,Capello,Brietta.Capello@yopmail.com
158,Jobi,Florina,Jobi.Florina@yopmail.com
159,Barbara,Autrey,Barbara.Autrey@yopmail.com
160,Tomasina,Faso,Tomasina.Faso@yopmail.com
161,Teriann,Ventre,Teriann.Ventre@yopmail.com
162,Kara-Lynn,Taam,Kara-Lynn.Taam@yopmail.com
163,Dacia,Wesle,Dacia.Wesle@yopmail.com
164,Frank,Clarissa,Frank.Clarissa@yopmail.com
165,Luci,Joseph,Luci.Joseph@yopmail.com
166,Kelly,Granoff,Kelly.Granoff@yopmail.com
167,Cyndie,Miru,Cyndie.Miru@yopmail.com
168,Janey,Seumas,Janey.Seumas@yopmail.com
169,Kirstin,Haymes,Kirstin.Haymes@yopmail.com
170,Gilligan,Radu,Gilligan.Radu@yopmail.com
171,Joleen,Lorenz,Joleen.Lorenz@yopmail.com
172,Ardeen,Westphal,Ardeen.Westphal@yopmail.com
173,Glynnis,Erskine,Glynnis.Erskine@yopmail.com
174,Antonietta,Abram,Antonietta.Abram@yopmail.com
175,Ebonee,Bonucci,Ebonee.Bonucci@yopmail.com
176,Collen,Alejoa,Collen.Alejoa@yopmail.com
177,Edith,Means,Edith.Means@yopmail.com
178,Alameda,Ax,Alameda.Ax@yopmail.com
179,Ursulina,Zitvaa,Ursulina.Zitvaa@yopmail.com
180,Kathy,Brittani,Kathy.Brittani@yopmail.com
181,Hollie,Eachern,Hollie.Eachern@yopmail.com
182,Maud,Marisa,Maud.Marisa@yopmail.com
183,Renae,Colp,Renae.Colp@yopmail.com
184,Annaliese,Vastah,Annaliese.Vastah@yopmail.com
185,Miquela,Hazlett,Miquela.Hazlett@yopmail.com
186,Dede,Ezar,Dede.Ezar@yopmail.com
187,Marinna,Gwenore,Marinna.Gwenore@yopmail.com
188,Carly,Kevon,Carly.Kevon@yopmail.com
189,Bettine,Modie,Bettine.Modie@yopmail.com
190,Willetta,Demitria,Willetta.Demitria@yopmail.com
191,Dorice,Chinua,Dorice.Chinua@yopmail.com
192,Atlanta,Orelee,Atlanta.Orelee@yopmail.com
193,Lelah,Michella,Lelah.Michella@yopmail.com
194,Lynde,Lynn,Lynde.Lynn@yopmail.com
195,Fayre,Woodberry,Fayre.Woodberry@yopmail.com
196,Gabriellia,Jethro,Gabriellia.Jethro@yopmail.com
197,Paola,Bonilla,Paola.Bonilla@yopmail.com
198,Gaylene,Atcliffe,Gaylene.Atcliffe@yopmail.com
199,Kellen,Vilma,Kellen.Vilma@yopmail.com
200,Mallory,Tremayne,Mallory.Tremayne@yopmail.com
201,Merrie,Yoko,Merrie.Yoko@yopmail.com
202,Shauna,Jammal,Shauna.Jammal@yopmail.com
203,Elyssa,Wolfgram,Elyssa.Wolfgram@yopmail.com
204,Gwenneth,Maryanne,Gwenneth.Maryanne@yopmail.com
205,Darlleen,Lalitta,Darlleen.Lalitta@yopmail.com
206,Bertine,Tamsky,Bertine.Tamsky@yopmail.com
207,Claudina,Alarise,Claudina.Alarise@yopmail.com
208,Lynde,Barrus,Lynde.Barrus@yopmail.com
209,Harrietta,Pillsbury,Harrietta.Pillsbury@yopmail.com
210,Heida,Brodench,Heida.Brodench@yopmail.com
211,Yolane,Emmaline,Yolane.Emmaline@yopmail.com
212,Sophia,LaRue,Sophia.LaRue@yopmail.com
213,Silvana,Warthman,Silvana.Warthman@yopmail.com
214,Merry,Amand,Merry.Amand@yopmail.com
215,Leeanne,Vittoria,Leeanne.Vittoria@yopmail.com
216,Annaliese,Kenney,Annaliese.Kenney@yopmail.com
217,Berta,Woodberry,Berta.Woodberry@yopmail.com
218,Desirae,Crudden,Desirae.Crudden@yopmail.com
219,Carlie,Reinke,Carlie.Reinke@yopmail.com
220,Fernande,Maisey,Fernande.Maisey@yopmail.com
221,Darci,Gabrielli,Darci.Gabrielli@yopmail.com
222,Katharina,Stilwell,Katharina.Stilwell@yopmail.com
223,Inga,Peg,Inga.Peg@yopmail.com
224,Kenna,Peonir,Kenna.Peonir@yopmail.com
225,Etta,Ezar,Etta.Ezar@yopmail.com
226,Korrie,Magdalen,Korrie.Magdalen@yopmail.com
227,Britni,McGrody,Britni.McGrody@yopmail.com
228,Blondelle,Emmy,Blondelle.Emmy@yopmail.com
229,Tonia,Anastatius,Tonia.Anastatius@yopmail.com
230,Elie,Tyson,Elie.Tyson@yopmail.com
231,Riannon,Richers,Riannon.Richers@yopmail.com
232,Blake,Pitt,Blake.Pitt@yopmail.com
233,Miquela,Birdella,Miquela.Birdella@yopmail.com
234,Lesly,Karl,Lesly.Karl@yopmail.com
235,Doro,Ellerey,Doro.Ellerey@yopmail.com
236,Gavrielle,Malanie,Gavrielle.Malanie@yopmail.com
237,Maridel,Rozanna,Maridel.Rozanna@yopmail.com
238,Gabriellia,McNully,Gabriellia.McNully@yopmail.com
239,Chrystel,Erskine,Chrystel.Erskine@yopmail.com
240,Rubie,Tound,Rubie.Tound@yopmail.com
241,Odessa,Sheedy,Odessa.Sheedy@yopmail.com
242,Merrie,Peg,Merrie.Peg@yopmail.com
243,Halette,Natica,Halette.Natica@yopmail.com
244,Candi,Leifeste,Candi.Leifeste@yopmail.com
245,Sara-Ann,Anastatius,Sara-Ann.Anastatius@yopmail.com
246,Christy,Erlandson,Christy.Erlandson@yopmail.com
247,Bobbi,Wadell,Bobbi.Wadell@yopmail.com
248,Halette,Borrell,Halette.Borrell@yopmail.com
249,Caressa,Ackerley,Caressa.Ackerley@yopmail.com
250,Anestassia,Zina,Anestassia.Zina@yopmail.com
251,Lily,Ackerley,Lily.Ackerley@yopmail.com
252,Gerrie,Tamsky,Gerrie.Tamsky@yopmail.com
253,Charlena,Carbo,Charlena.Carbo@yopmail.com
254,Catharine,Candy,Catharine.Candy@yopmail.com
255,Mignon,Louanna,Mignon.Louanna@yopmail.com
256,Leia,Campball,Leia.Campball@yopmail.com
257,Viviene,Gwenore,Viviene.Gwenore@yopmail.com
258,Ezmeralda,Curren,Ezmeralda.Curren@yopmail.com
259,Bertine,Pattin,Bertine.Pattin@yopmail.com
260,Bee,Hirsch,Bee.Hirsch@yopmail.com
261,Bobbi,Hillel,Bobbi.Hillel@yopmail.com
262,Lyssa,Olin,Lyssa.Olin@yopmail.com
263,Dolli,Teryn,Dolli.Teryn@yopmail.com
264,Shandie,Bonilla,Shandie.Bonilla@yopmail.com
265,Nannie,Shanley,Nannie.Shanley@yopmail.com
266,Emylee,Willie,Emylee.Willie@yopmail.com
267,Flo,Ailyn,Flo.Ailyn@yopmail.com
268,Ariela,Ardra,Ariela.Ardra@yopmail.com
269,Averyl,Elvyn,Averyl.Elvyn@yopmail.com
270,Lonnie,Jefferey,Lonnie.Jefferey@yopmail.com
271,Alleen,Brackely,Alleen.Brackely@yopmail.com
272,Concettina,Carri,Concettina.Carri@yopmail.com
273,Constance,Therine,Constance.Therine@yopmail.com
274,Aigneis,Joeann,Aigneis.Joeann@yopmail.com
275,Roz,Flyn,Roz.Flyn@yopmail.com
276,Tonia,Rolf,Tonia.Rolf@yopmail.com
277,Kate,Lowry,Kate.Lowry@yopmail.com
278,Perry,Neva,Perry.Neva@yopmail.com
279,Kayla,Riva,Kayla.Riva@yopmail.com
280,Agnese,Elbertina,Agnese.Elbertina@yopmail.com
281,Eve,Bebe,Eve.Bebe@yopmail.com
282,Madalyn,Atcliffe,Madalyn.Atcliffe@yopmail.com
283,Elise,Gabrielli,Elise.Gabrielli@yopmail.com
284,Joelly,Joeann,Joelly.Joeann@yopmail.com
285,Alie,Urias,Alie.Urias@yopmail.com
286,Lynnea,Leary,Lynnea.Leary@yopmail.com
287,Candy,O'Carroll,Candy.O'Carroll@yopmail.com
288,Kate,Dex,Kate.Dex@yopmail.com
289,Darci,Flita,Darci.Flita@yopmail.com
290,Cam,Persse,Cam.Persse@yopmail.com
291,Averyl,Kermit,Averyl.Kermit@yopmail.com
292,Cathie,Yusuk,Cathie.Yusuk@yopmail.com
293,Devina,Neva,Devina.Neva@yopmail.com
294,Deedee,Ilka,Deedee.Ilka@yopmail.com
295,Almeta,Weaks,Almeta.Weaks@yopmail.com
296,Elise,Kare,Elise.Kare@yopmail.com
297,Corene,Marijo,Corene.Marijo@yopmail.com
298,Renae,Smitt,Renae.Smitt@yopmail.com
299,Cecile,Noelyn,Cecile.Noelyn@yopmail.com
300,Stephanie,Rogerio,Stephanie.Rogerio@yopmail.com
301,Jere,Greyson,Jere.Greyson@yopmail.com
302,Lyssa,Gladstone,Lyssa.Gladstone@yopmail.com
303,Christy,Isacco,Christy.Isacco@yopmail.com
304,Benita,Bates,Benita.Bates@yopmail.com
305,Marsiella,Mitzi,Marsiella.Mitzi@yopmail.com
306,Michaelina,Roumell,Michaelina.Roumell@yopmail.com
307,Ethel,Kristi,Ethel.Kristi@yopmail.com
308,Catharine,Cleo,Catharine.Cleo@yopmail.com
309,Ann-Marie,Wilona,Ann-Marie.Wilona@yopmail.com
310,Kirbee,Westphal,Kirbee.Westphal@yopmail.com
311,Cyb,Aldric,Cyb.Aldric@yopmail.com
312,Kirbee,LaRue,Kirbee.LaRue@yopmail.com
313,Michaelina,Hedve,Michaelina.Hedve@yopmail.com
314,Nananne,Kinnard,Nananne.Kinnard@yopmail.com
315,Augustine,Chem,Augustine.Chem@yopmail.com
316,Marika,Means,Marika.Means@yopmail.com
317,Lanae,Bouchard,Lanae.Bouchard@yopmail.com
318,Dorene,Codding,Dorene.Codding@yopmail.com
319,Albertina,Capello,Albertina.Capello@yopmail.com
320,Grier,Tybald,Grier.Tybald@yopmail.com
321,Almeta,Halsey,Almeta.Halsey@yopmail.com
322,Dione,Burnside,Dione.Burnside@yopmail.com
323,Mara,Kannry,Mara.Kannry@yopmail.com
324,Beatriz,Kronfeld,Beatriz.Kronfeld@yopmail.com
325,Livvyy,Buckler,Livvyy.Buckler@yopmail.com
326,Therine,Tufts,Therine.Tufts@yopmail.com
327,Emmey,Linskey,Emmey.Linskey@yopmail.com
328,Mahalia,Abbot,Mahalia.Abbot@yopmail.com
329,Millie,Camden,Millie.Camden@yopmail.com
330,Dagmar,Rocray,Dagmar.Rocray@yopmail.com
331,Corina,Cavan,Corina.Cavan@yopmail.com
332,Gale,Zrike,Gale.Zrike@yopmail.com
333,Sarette,Ries,Sarette.Ries@yopmail.com
334,Carly,Robertson,Carly.Robertson@yopmail.com
335,Vinita,An,Vinita.An@yopmail.com
336,Tami,Mayeda,Tami.Mayeda@yopmail.com
337,Alleen,Rodmann,Alleen.Rodmann@yopmail.com
338,Corry,Iphlgenia,Corry.Iphlgenia@yopmail.com
339,Hannis,Diogenes,Hannis.Diogenes@yopmail.com
340,Alyda,Brodench,Alyda.Brodench@yopmail.com
341,Melanie,Freddi,Melanie.Freddi@yopmail.com
342,Evaleen,Sperling,Evaleen.Sperling@yopmail.com
343,Wendi,Leonard,Wendi.Leonard@yopmail.com
344,Daryl,Goth,Daryl.Goth@yopmail.com
345,Jemie,Havens,Jemie.Havens@yopmail.com
346,Pearline,Brady,Pearline.Brady@yopmail.com
347,Jessamyn,Ellord,Jessamyn.Ellord@yopmail.com
348,Cyndie,Wooster,Cyndie.Wooster@yopmail.com
349,Marinna,Demitria,Marinna.Demitria@yopmail.com
350,Roxane,Fax,Roxane.Fax@yopmail.com
351,Dorthy,Irmine,Dorthy.Irmine@yopmail.com
352,Trudie,Buttaro,Trudie.Buttaro@yopmail.com
353,Madalyn,Lay,Madalyn.Lay@yopmail.com
354,Angelique,Gerge,Angelique.Gerge@yopmail.com
355,Tori,Latini,Tori.Latini@yopmail.com
356,Henriette,Artie,Henriette.Artie@yopmail.com
357,Ida,Marcellus,Ida.Marcellus@yopmail.com
358,Larine,Codding,Larine.Codding@yopmail.com
359,Mariann,Riva,Mariann.Riva@yopmail.com
360,Rubie,Aaberg,Rubie.Aaberg@yopmail.com
361,Marinna,Fabiola,Marinna.Fabiola@yopmail.com
362,Quintina,Schlosser,Quintina.Schlosser@yopmail.com
363,Mireielle,Joni,Mireielle.Joni@yopmail.com
364,Cathyleen,Japeth,Cathyleen.Japeth@yopmail.com
365,Karena,Kendrick,Karena.Kendrick@yopmail.com
366,Luci,Thunell,Luci.Thunell@yopmail.com
367,Vivia,Odysseus,Vivia.Odysseus@yopmail.com
368,Blinni,Nerita,Blinni.Nerita@yopmail.com
369,Emelina,Deegan,Emelina.Deegan@yopmail.com
370,Sandie,Orpah,Sandie.Orpah@yopmail.com
371,Ernesta,Lorenz,Ernesta.Lorenz@yopmail.com
372,Josephine,Felecia,Josephine.Felecia@yopmail.com
373,Shirlee,Standing,Shirlee.Standing@yopmail.com
374,Cyndie,Hathaway,Cyndie.Hathaway@yopmail.com
375,Teddie,Kunin,Teddie.Kunin@yopmail.com
376,Aili,Abernon,Aili.Abernon@yopmail.com
377,Feliza,Taima,Feliza.Taima@yopmail.com
378,Beatriz,Shaddock,Beatriz.Shaddock@yopmail.com
379,Tiffie,Heisel,Tiffie.Heisel@yopmail.com
380,Dulcinea,Phi,Dulcinea.Phi@yopmail.com
381,Christal,Audly,Christal.Audly@yopmail.com
382,Tamqrah,Frendel,Tamqrah.Frendel@yopmail.com
383,Rani,Maurine,Rani.Maurine@yopmail.com
384,Renie,Naor,Renie.Naor@yopmail.com
385,Meg,Cookie,Meg.Cookie@yopmail.com
386,Lexine,Muriel,Lexine.Muriel@yopmail.com
387,Coral,Cadmar,Coral.Cadmar@yopmail.com
388,Carmencita,Suk,Carmencita.Suk@yopmail.com
389,Shandie,Vernier,Shandie.Vernier@yopmail.com
390,Laurene,Kaja,Laurene.Kaja@yopmail.com
391,Elbertina,Edison,Elbertina.Edison@yopmail.com
392,Ninnetta,Persse,Ninnetta.Persse@yopmail.com
393,Celene,Audly,Celene.Audly@yopmail.com
394,Cathyleen,Jagir,Cathyleen.Jagir@yopmail.com
395,Dede,Daveta,Dede.Daveta@yopmail.com
396,Mignon,Burkle,Mignon.Burkle@yopmail.com
397,Lily,Kelula,Lily.Kelula@yopmail.com
398,Fanchon,Eiser,Fanchon.Eiser@yopmail.com
399,Beth,Peg,Beth.Peg@yopmail.com
400,Lusa,Brotherson,Lusa.Brotherson@yopmail.com
401,Jacquetta,Thema,Jacquetta.Thema@yopmail.com
402,Queenie,Goddard,Queenie.Goddard@yopmail.com
403,Roz,Clywd,Roz.Clywd@yopmail.com
404,Carmela,Odysseus,Carmela.Odysseus@yopmail.com
405,Philis,Newell,Philis.Newell@yopmail.com
406,Myrtice,Kaete,Myrtice.Kaete@yopmail.com
407,Ulrike,Bandeen,Ulrike.Bandeen@yopmail.com
408,Nelle,Maryanne,Nelle.Maryanne@yopmail.com
409,Mamie,Uird,Mamie.Uird@yopmail.com
410,Fina,Kunin,Fina.Kunin@yopmail.com
411,Gisela,Si,Gisela.Si@yopmail.com
412,Amara,Kress,Amara.Kress@yopmail.com
413,Gilligan,Fosque,Gilligan.Fosque@yopmail.com
414,Petronia,Strephon,Petronia.Strephon@yopmail.com
415,Genovera,Tound,Genovera.Tound@yopmail.com
416,Isa,Kinnard,Isa.Kinnard@yopmail.com
417,Starla,Ellerey,Starla.Ellerey@yopmail.com
418,Estell,Peonir,Estell.Peonir@yopmail.com
419,Dawn,Swigart,Dawn.Swigart@yopmail.com
420,Dianemarie,Holtz,Dianemarie.Holtz@yopmail.com
421,Alameda,Dom,Alameda.Dom@yopmail.com
422,Veda,Eno,Veda.Eno@yopmail.com
423,Bernardine,Obed,Bernardine.Obed@yopmail.com
424,Nollie,Faria,Nollie.Faria@yopmail.com
425,Lila,Cyrie,Lila.Cyrie@yopmail.com
426,Babita,Thunell,Babita.Thunell@yopmail.com
427,Lulita,Helfand,Lulita.Helfand@yopmail.com
428,Ardys,Cullin,Ardys.Cullin@yopmail.com
429,Elyssa,Alexandr,Elyssa.Alexandr@yopmail.com
430,Gratia,Ellerey,Gratia.Ellerey@yopmail.com
431,Donnie,Kimmie,Donnie.Kimmie@yopmail.com
432,Gretal,Zetta,Gretal.Zetta@yopmail.com
433,Ilse,Tryck,Ilse.Tryck@yopmail.com
434,Sallie,Joni,Sallie.Joni@yopmail.com
435,Kial,Lynn,Kial.Lynn@yopmail.com
436,Agnese,Bury,Agnese.Bury@yopmail.com
437,Kirstin,Sallyann,Kirstin.Sallyann@yopmail.com
438,Berget,Rustice,Berget.Rustice@yopmail.com
439,Rhea,Lutero,Rhea.Lutero@yopmail.com
440,Carolina,Janene,Carolina.Janene@yopmail.com
441,Andeee,Bashemeth,Andeee.Bashemeth@yopmail.com
442,Jorry,Wildermuth,Jorry.Wildermuth@yopmail.com
443,Krystle,Merriott,Krystle.Merriott@yopmail.com
444,Jean,Rese,Jean.Rese@yopmail.com
445,Rosaline,Faro,Rosaline.Faro@yopmail.com
446,Teriann,Byrne,Teriann.Byrne@yopmail.com
447,June,Ogren,June.Ogren@yopmail.com
448,Maisey,Joni,Maisey.Joni@yopmail.com
449,Mariele,Fredi,Mariele.Fredi@yopmail.com
450,Modestia,Seagraves,Modestia.Seagraves@yopmail.com
451,Sharlene,Lay,Sharlene.Lay@yopmail.com
452,Betta,Daveta,Betta.Daveta@yopmail.com
453,Daphne,Ochs,Daphne.Ochs@yopmail.com
454,Catrina,Brieta,Catrina.Brieta@yopmail.com
455,Elsie,Fulmer,Elsie.Fulmer@yopmail.com
456,Andeee,Yam,Andeee.Yam@yopmail.com
457,Goldie,Grobe,Goldie.Grobe@yopmail.com
458,Lonnie,Bultman,Lonnie.Bultman@yopmail.com
459,Agnese,Erminia,Agnese.Erminia@yopmail.com
460,Norine,Campball,Norine.Campball@yopmail.com
461,Lolita,Boehike,Lolita.Boehike@yopmail.com
462,Oona,Gordon,Oona.Gordon@yopmail.com
463,Tani,Si,Tani.Si@yopmail.com
464,Florie,Orpah,Florie.Orpah@yopmail.com
465,Jeanna,Soneson,Jeanna.Soneson@yopmail.com
466,Vonny,Carvey,Vonny.Carvey@yopmail.com
467,Esmeralda,Wilkinson,Esmeralda.Wilkinson@yopmail.com
468,Valli,Daveta,Valli.Daveta@yopmail.com
469,Rani,Seumas,Rani.Seumas@yopmail.com
470,Katharina,Trinetta,Katharina.Trinetta@yopmail.com
471,Janeczka,Mehalek,Janeczka.Mehalek@yopmail.com
472,Merle,Blake,Merle.Blake@yopmail.com
473,Henriette,Knowling,Henriette.Knowling@yopmail.com
474,Kellen,Jenness,Kellen.Jenness@yopmail.com
475,Marsiella,Rurik,Marsiella.Rurik@yopmail.com
476,Flo,Garbe,Flo.Garbe@yopmail.com
477,Stephanie,Caitlin,Stephanie.Caitlin@yopmail.com
478,Bobbi,Raseda,Bobbi.Raseda@yopmail.com
479,Ileana,Zuzana,Ileana.Zuzana@yopmail.com
480,Janis,Alwin,Janis.Alwin@yopmail.com
481,Elbertina,Sawtelle,Elbertina.Sawtelle@yopmail.com
482,Mady,Alcott,Mady.Alcott@yopmail.com
483,Agathe,Morgun,Agathe.Morgun@yopmail.com
484,Blondelle,Sperling,Blondelle.Sperling@yopmail.com
485,Bernie,Valerio,Bernie.Valerio@yopmail.com
486,Lila,Kelula,Lila.Kelula@yopmail.com
487,Noelle,Merna,Noelle.Merna@yopmail.com
488,Allis,Raama,Allis.Raama@yopmail.com
489,Roz,Wilona,Roz.Wilona@yopmail.com
490,Sara-Ann,Alarise,Sara-Ann.Alarise@yopmail.com
491,Almeta,Prouty,Almeta.Prouty@yopmail.com
492,Karolina,Chesna,Karolina.Chesna@yopmail.com
493,Amelia,Selway,Amelia.Selway@yopmail.com
494,Emma,Daveta,Emma.Daveta@yopmail.com
495,Maisey,Lia,Maisey.Lia@yopmail.com
496,Eolanda,Sheedy,Eolanda.Sheedy@yopmail.com
497,Christian,Mathilde,Christian.Mathilde@yopmail.com
498,Chere,Donell,Chere.Donell@yopmail.com
499,Deane,Hazlett,Deane.Hazlett@yopmail.com
500,Gui,Tyson,Gui.Tyson@yopmail.com
501,Janey,Faso,Janey.Faso@yopmail.com
502,Tatiania,Evvie,Tatiania.Evvie@yopmail.com
503,Binny,Vary,Binny.Vary@yopmail.com
504,Christal,Elbertina,Christal.Elbertina@yopmail.com
505,Emelina,Orelee,Emelina.Orelee@yopmail.com
506,Norine,Brieta,Norine.Brieta@yopmail.com
507,Shell,Allys,Shell.Allys@yopmail.com
508,Rosene,Brunell,Rosene.Brunell@yopmail.com
509,Fidelia,Scammon,Fidelia.Scammon@yopmail.com
510,Brandise,Ciapas,Brandise.Ciapas@yopmail.com
511,Inga,Johanna,Inga.Johanna@yopmail.com
512,Kittie,Han,Kittie.Han@yopmail.com
513,Karolina,Myrilla,Karolina.Myrilla@yopmail.com
514,Ivett,Goddard,Ivett.Goddard@yopmail.com
515,Felice,Rona,Felice.Rona@yopmail.com
516,Lucille,Pip,Lucille.Pip@yopmail.com
517,Cherilyn,Linehan,Cherilyn.Linehan@yopmail.com
518,Aili,Iiette,Aili.Iiette@yopmail.com
519,Tobe,Carey,Tobe.Carey@yopmail.com
520,Elyssa,Johnsson,Elyssa.Johnsson@yopmail.com
521,Liana,Kellby,Liana.Kellby@yopmail.com
522,Mallory,Salchunas,Mallory.Salchunas@yopmail.com
523,Amii,Teddman,Amii.Teddman@yopmail.com
524,Charlena,O'Carroll,Charlena.O'Carroll@yopmail.com
525,Vere,Shaver,Vere.Shaver@yopmail.com
526,Goldie,Bartlett,Goldie.Bartlett@yopmail.com
527,Clo,Saunderson,Clo.Saunderson@yopmail.com
528,Audrie,Wittie,Audrie.Wittie@yopmail.com
529,Petronia,Pillsbury,Petronia.Pillsbury@yopmail.com
530,Melodie,Nerita,Melodie.Nerita@yopmail.com
531,Pamella,Belanger,Pamella.Belanger@yopmail.com
532,Cristabel,Duwalt,Cristabel.Duwalt@yopmail.com
533,Brietta,Chinua,Brietta.Chinua@yopmail.com
534,Teriann,Bryna,Teriann.Bryna@yopmail.com
535,Gusty,Shelba,Gusty.Shelba@yopmail.com
536,Karolina,Colp,Karolina.Colp@yopmail.com
537,Lynde,Yorick,Lynde.Yorick@yopmail.com
538,Karly,Astra,Karly.Astra@yopmail.com
539,Lelah,Vharat,Lelah.Vharat@yopmail.com
540,Kirbee,Codding,Kirbee.Codding@yopmail.com
541,Daphne,Modie,Daphne.Modie@yopmail.com
542,Bibby,Catie,Bibby.Catie@yopmail.com
543,Aurore,Hollingsworth,Aurore.Hollingsworth@yopmail.com
544,Sara-Ann,Cornelia,Sara-Ann.Cornelia@yopmail.com
545,Gilda,Gusella,Gilda.Gusella@yopmail.com
546,Ivett,Milde,Ivett.Milde@yopmail.com
547,Ingrid,Bonilla,Ingrid.Bonilla@yopmail.com
548,Marti,Niles,Marti.Niles@yopmail.com
549,Selma,Gabrielli,Selma.Gabrielli@yopmail.com
550,Anallese,Arne,Anallese.Arne@yopmail.com
551,Emilia,Stacy,Emilia.Stacy@yopmail.com
552,Ariela,Rozanna,Ariela.Rozanna@yopmail.com
553,Ingrid,Cherianne,Ingrid.Cherianne@yopmail.com
554,Candy,Blake,Candy.Blake@yopmail.com
555,Margalo,Mott,Margalo.Mott@yopmail.com
556,Sandie,Tatianas,Sandie.Tatianas@yopmail.com
557,Paulita,Breed,Paulita.Breed@yopmail.com
558,Raquela,Karl,Raquela.Karl@yopmail.com
559,Cristabel,Seagraves,Cristabel.Seagraves@yopmail.com
560,Millie,Stuart,Millie.Stuart@yopmail.com
561,Dania,Morrill,Dania.Morrill@yopmail.com
562,Fernande,Clara,Fernande.Clara@yopmail.com
563,Marcy,Christine,Marcy.Christine@yopmail.com
564,Viviene,Lytton,Viviene.Lytton@yopmail.com
565,Ronna,Breed,Ronna.Breed@yopmail.com
566,Lusa,Weaks,Lusa.Weaks@yopmail.com
567,Basia,Ranjiv,Basia.Ranjiv@yopmail.com
568,Aaren,Arquit,Aaren.Arquit@yopmail.com
569,Jemie,Cookie,Jemie.Cookie@yopmail.com
570,Theodora,Oscar,Theodora.Oscar@yopmail.com
571,Gilligan,Isidore,Gilligan.Isidore@yopmail.com
572,Delilah,Pelagias,Delilah.Pelagias@yopmail.com
573,Gabi,Maisey,Gabi.Maisey@yopmail.com
574,Leeanne,Ivens,Leeanne.Ivens@yopmail.com
575,Danika,Poll,Danika.Poll@yopmail.com
576,Glynnis,Weinreb,Glynnis.Weinreb@yopmail.com
577,Jasmina,Linehan,Jasmina.Linehan@yopmail.com
578,Merry,Velick,Merry.Velick@yopmail.com
579,Maud,Salchunas,Maud.Salchunas@yopmail.com
580,Dotty,Read,Dotty.Read@yopmail.com
581,Natka,Rolf,Natka.Rolf@yopmail.com
582,Susan,Ethban,Susan.Ethban@yopmail.com
583,Anica,Thornburg,Anica.Thornburg@yopmail.com
584,Ebonee,Wattenberg,Ebonee.Wattenberg@yopmail.com
585,Consuela,Berriman,Consuela.Berriman@yopmail.com
586,Sybille,Vanni,Sybille.Vanni@yopmail.com
587,Rayna,Hourigan,Rayna.Hourigan@yopmail.com
588,Nanete,Shama,Nanete.Shama@yopmail.com
589,Hettie,Keily,Hettie.Keily@yopmail.com
590,Merrie,Orpah,Merrie.Orpah@yopmail.com
591,Elie,Iaverne,Elie.Iaverne@yopmail.com
592,Marinna,Bivins,Marinna.Bivins@yopmail.com
593,Florie,Lytton,Florie.Lytton@yopmail.com
594,Michaelina,Vilma,Michaelina.Vilma@yopmail.com
595,Bettine,Yerkovich,Bettine.Yerkovich@yopmail.com
596,Alyda,Penelopa,Alyda.Penelopa@yopmail.com
597,Max,Ferrell,Max.Ferrell@yopmail.com
598,Helsa,Trace,Helsa.Trace@yopmail.com
